[{"model": "admin.logentry", "pk": 1, "fields": {"action_time": "2026-06-05T15:43:59.325Z", "user": 2, "content_type": 7, "object_id": "1", "object_repr": "Pedro Rodriguez - prueba", "action_flag": 1, "change_message": "[{\"added\": {}}]"}}, {"model": "admin.logentry", "pk": 2, "fields": {"action_time": "2026-06-07T13:17:32.416Z", "user": 2, "content_type": 3, "object_id": "1", "object_repr": "Productor", "action_flag": 1, "change_message": "[{\"added\": {}}]"}}, {"model": "admin.logentry", "pk": 3, "fields": {"action_time": "2026-06-07T13:22:38.454Z", "user": 2, "content_type": 3, "object_id": "2", "object_repr": "Administrador", "action_flag": 1, "change_message": "[{\"added\": {}}]"}}, {"model": "admin.logentry", "pk": 4, "fields": {"action_time": "2026-06-07T13:23:21.411Z", "user": 2, "content_type": 3, "object_id": "3", "object_repr": "consumidor", "action_flag": 1, "change_message": "[{\"added\": {}}]"}}, {"model": "auth.permission", "pk": 1, "fields": {"name": "Can add log entry", "content_type": 1, "codename": "add_logentry"}}, {"model": "auth.permission", "pk": 2, "fields": {"name": "Can change log entry", "content_type": 1, "codename": "change_logentry"}}, {"model": "auth.permission", "pk": 3, "fields": {"name": "Can delete log entry", "content_type": 1, "codename": "delete_logentry"}}, {"model": "auth.permission", "pk": 4, "fields": {"name": "Can view log entry", "content_type": 1, "codename": "view_logentry"}}, {"model": "auth.permission", "pk": 5, "fields": {"name": "Can add permission", "content_type": 2, "codename": "add_permission"}}, {"model": "auth.permission", "pk": 6, "fields": {"name": "Can change permission", "content_type": 2, "codename": "change_permission"}}, {"model": "auth.permission", "pk": 7, "fields": {"name": "Can delete permission", "content_type": 2, "codename": "delete_permission"}}, {"model": "auth.permission", "pk": 8, "fields": {"name": "Can view permission", "content_type": 2, "codename": "view_permission"}}, {"model": "auth.permission", "pk": 9, "fields": {"name": "Can add group", "content_type": 3, "codename": "add_group"}}, {"model": "auth.permission", "pk": 10, "fields": {"name": "Can change group", "content_type": 3, "codename": "change_group"}}, {"model": "auth.permission", "pk": 11, "fields": {"name": "Can delete group", "content_type": 3, "codename": "delete_group"}}, {"model": "auth.permission", "pk": 12, "fields": {"name": "Can view group", "content_type": 3, "codename": "view_group"}}, {"model": "auth.permission", "pk": 13, "fields": {"name": "Can add content type", "content_type": 4, "codename": "add_contenttype"}}, {"model": "auth.permission", "pk": 14, "fields": {"name": "Can change content type", "content_type": 4, "codename": "change_contenttype"}}, {"model": "auth.permission", "pk": 15, "fields": {"name": "Can delete content type", "content_type": 4, "codename": "delete_contenttype"}}, {"model": "auth.permission", "pk": 16, "fields": {"name": "Can view content type", "content_type": 4, "codename": "view_contenttype"}}, {"model": "auth.permission", "pk": 17, "fields": {"name": "Can add session", "content_type": 5, "codename": "add_session"}}, {"model": "auth.permission", "pk": 18, "fields": {"name": "Can change session", "content_type": 5, "codename": "change_session"}}, {"model": "auth.permission", "pk": 19, "fields": {"name": "Can delete session", "content_type": 5, "codename": "delete_session"}}, {"model": "auth.permission", "pk": 20, "fields": {"name": "Can view session", "content_type": 5, "codename": "view_session"}}, {"model": "auth.permission", "pk": 21, "fields": {"name": "Can add user", "content_type": 6, "codename": "add_user"}}, {"model": "auth.permission", "pk": 22, "fields": {"name": "Can change user", "content_type": 6, "codename": "change_user"}}, {"model": "auth.permission", "pk": 23, "fields": {"name": "Can delete user", "content_type": 6, "codename": "delete_user"}}, {"model": "auth.permission", "pk": 24, "fields": {"name": "Can view user", "content_type": 6, "codename": "view_user"}}, {"model": "auth.permission", "pk": 25, "fields": {"name": "Can add product", "content_type": 7, "codename": "add_product"}}, {"model": "auth.permission", "pk": 26, "fields": {"name": "Can change product", "content_type": 7, "codename": "change_product"}}, {"model": "auth.permission", "pk": 27, "fields": {"name": "Can delete product", "content_type": 7, "codename": "delete_product"}}, {"model": "auth.permission", "pk": 28, "fields": {"name": "Can view product", "content_type": 7, "codename": "view_product"}}, {"model": "auth.permission", "pk": 29, "fields": {"name": "Can add complaint", "content_type": 8, "codename": "add_complaint"}}, {"model": "auth.permission", "pk": 30, "fields": {"name": "Can change complaint", "content_type": 8, "codename": "change_complaint"}}, {"model": "auth.permission", "pk": 31, "fields": {"name": "Can delete complaint", "content_type": 8, "codename": "delete_complaint"}}, {"model": "auth.permission", "pk": 32, "fields": {"name": "Can view complaint", "content_type": 8, "codename": "view_complaint"}}, {"model": "auth.permission", "pk": 33, "fields": {"name": "Can add complaint update", "content_type": 9, "codename": "add_complaintupdate"}}, {"model": "auth.permission", "pk": 34, "fields": {"name": "Can change complaint update", "content_type": 9, "codename": "change_complaintupdate"}}, {"model": "auth.permission", "pk": 35, "fields": {"name": "Can delete complaint update", "content_type": 9, "codename": "delete_complaintupdate"}}, {"model": "auth.permission", "pk": 36, "fields": {"name": "Can view complaint update", "content_type": 9, "codename": "view_complaintupdate"}}, {"model": "auth.permission", "pk": 37, "fields": {"name": "Can add chat room", "content_type": 10, "codename": "add_chatroom"}}, {"model": "auth.permission", "pk": 38, "fields": {"name": "Can change chat room", "content_type": 10, "codename": "change_chatroom"}}, {"model": "auth.permission", "pk": 39, "fields": {"name": "Can delete chat room", "content_type": 10, "codename": "delete_chatroom"}}, {"model": "auth.permission", "pk": 40, "fields": {"name": "Can view chat room", "content_type": 10, "codename": "view_chatroom"}}, {"model": "auth.permission", "pk": 41, "fields": {"name": "Can add chat message", "content_type": 11, "codename": "add_chatmessage"}}, {"model": "auth.permission", "pk": 42, "fields": {"name": "Can change chat message", "content_type": 11, "codename": "change_chatmessage"}}, {"model": "auth.permission", "pk": 43, "fields": {"name": "Can delete chat message", "content_type": 11, "codename": "delete_chatmessage"}}, {"model": "auth.permission", "pk": 44, "fields": {"name": "Can view chat message", "content_type": 11, "codename": "view_chatmessage"}}, {"model": "auth.permission", "pk": 45, "fields": {"name": "Can add Historial de Backup", "content_type": 12, "codename": "add_backuphistory"}}, {"model": "auth.permission", "pk": 46, "fields": {"name": "Can change Historial de Backup", "content_type": 12, "codename": "change_backuphistory"}}, {"model": "auth.permission", "pk": 47, "fields": {"name": "Can delete Historial de Backup", "content_type": 12, "codename": "delete_backuphistory"}}, {"model": "auth.permission", "pk": 48, "fields": {"name": "Can view Historial de Backup", "content_type": 12, "codename": "view_backuphistory"}}, {"model": "auth.permission", "pk": 49, "fields": {"name": "Can add Backup", "content_type": 13, "codename": "add_backuphistory"}}, {"model": "auth.permission", "pk": 50, "fields": {"name": "Can change Backup", "content_type": 13, "codename": "change_backuphistory"}}, {"model": "auth.permission", "pk": 51, "fields": {"name": "Can delete Backup", "content_type": 13, "codename": "delete_backuphistory"}}, {"model": "auth.permission", "pk": 52, "fields": {"name": "Can view Backup", "content_type": 13, "codename": "view_backuphistory"}}, {"model": "auth.permission", "pk": 53, "fields": {"name": "Can add review", "content_type": 14, "codename": "add_review"}}, {"model": "auth.permission", "pk": 54, "fields": {"name": "Can change review", "content_type": 14, "codename": "change_review"}}, {"model": "auth.permission", "pk": 55, "fields": {"name": "Can delete review", "content_type": 14, "codename": "delete_review"}}, {"model": "auth.permission", "pk": 56, "fields": {"name": "Can view review", "content_type": 14, "codename": "view_review"}}, {"model": "auth.permission", "pk": 57, "fields": {"name": "Can add Reputación", "content_type": 15, "codename": "add_reputacion"}}, {"model": "auth.permission", "pk": 58, "fields": {"name": "Can change Reputación", "content_type": 15, "codename": "change_reputacion"}}, {"model": "auth.permission", "pk": 59, "fields": {"name": "Can delete Reputación", "content_type": 15, "codename": "delete_reputacion"}}, {"model": "auth.permission", "pk": 60, "fields": {"name": "Can view Reputación", "content_type": 15, "codename": "view_reputacion"}}, {"model": "auth.permission", "pk": 61, "fields": {"name": "Can add Carrito", "content_type": 16, "codename": "add_cart"}}, {"model": "auth.permission", "pk": 62, "fields": {"name": "Can change Carrito", "content_type": 16, "codename": "change_cart"}}, {"model": "auth.permission", "pk": 63, "fields": {"name": "Can delete Carrito", "content_type": 16, "codename": "delete_cart"}}, {"model": "auth.permission", "pk": 64, "fields": {"name": "Can view Carrito", "content_type": 16, "codename": "view_cart"}}, {"model": "auth.permission", "pk": 65, "fields": {"name": "Can add Item del carrito", "content_type": 17, "codename": "add_cartitem"}}, {"model": "auth.permission", "pk": 66, "fields": {"name": "Can change Item del carrito", "content_type": 17, "codename": "change_cartitem"}}, {"model": "auth.permission", "pk": 67, "fields": {"name": "Can delete Item del carrito", "content_type": 17, "codename": "delete_cartitem"}}, {"model": "auth.permission", "pk": 68, "fields": {"name": "Can view Item del carrito", "content_type": 17, "codename": "view_cartitem"}}, {"model": "auth.permission", "pk": 69, "fields": {"name": "Can add Pedido", "content_type": 18, "codename": "add_order"}}, {"model": "auth.permission", "pk": 70, "fields": {"name": "Can change Pedido", "content_type": 18, "codename": "change_order"}}, {"model": "auth.permission", "pk": 71, "fields": {"name": "Can delete Pedido", "content_type": 18, "codename": "delete_order"}}, {"model": "auth.permission", "pk": 72, "fields": {"name": "Can view Pedido", "content_type": 18, "codename": "view_order"}}, {"model": "auth.permission", "pk": 73, "fields": {"name": "Can add Item del pedido", "content_type": 19, "codename": "add_orderitem"}}, {"model": "auth.permission", "pk": 74, "fields": {"name": "Can change Item del pedido", "content_type": 19, "codename": "change_orderitem"}}, {"model": "auth.permission", "pk": 75, "fields": {"name": "Can delete Item del pedido", "content_type": 19, "codename": "delete_orderitem"}}, {"model": "auth.permission", "pk": 76, "fields": {"name": "Can view Item del pedido", "content_type": 19, "codename": "view_orderitem"}}, {"model": "auth.group", "pk": 1, "fields": {"name": "Productor", "permissions": [25, 26, 27, 28]}}, {"model": "auth.group", "pk": 2, "fields": {"name": "Administrador", "permissions": []}}, {"model": "auth.group", "pk": 3, "fields": {"name": "consumidor", "permissions": []}}, {"model": "auth.group", "pk": 4, "fields": {"name": "ONPECO Regulador", "permissions": [28]}}, {"model": "contenttypes.contenttype", "pk": 1, "fields": {"app_label": "admin", "model": "logentry"}}, {"model": "contenttypes.contenttype", "pk": 2, "fields": {"app_label": "auth", "model": "permission"}}, {"model": "contenttypes.contenttype", "pk": 3, "fields": {"app_label": "auth", "model": "group"}}, {"model": "contenttypes.contenttype", "pk": 4, "fields": {"app_label": "contenttypes", "model": "contenttype"}}, {"model": "contenttypes.contenttype", "pk": 5, "fields": {"app_label": "sessions", "model": "session"}}, {"model": "contenttypes.contenttype", "pk": 6, "fields": {"app_label": "users", "model": "user"}}, {"model": "contenttypes.contenttype", "pk": 7, "fields": {"app_label": "marketplace", "model": "product"}}, {"model": "contenttypes.contenttype", "pk": 8, "fields": {"app_label": "complaints", "model": "complaint"}}, {"model": "contenttypes.contenttype", "pk": 9, "fields": {"app_label": "complaints", "model": "complaintupdate"}}, {"model": "contenttypes.contenttype", "pk": 10, "fields": {"app_label": "chat", "model": "chatroom"}}, {"model": "contenttypes.contenttype", "pk": 11, "fields": {"app_label": "chat", "model": "chatmessage"}}, {"model": "contenttypes.contenttype", "pk": 12, "fields": {"app_label": "complaints", "model": "backuphistory"}}, {"model": "contenttypes.contenttype", "pk": 13, "fields": {"app_label": "backups_manager", "model": "backuphistory"}}, {"model": "contenttypes.contenttype", "pk": 14, "fields": {"app_label": "reviews", "model": "review"}}, {"model": "contenttypes.contenttype", "pk": 15, "fields": {"app_label": "complaints", "model": "reputacion"}}, {"model": "contenttypes.contenttype", "pk": 16, "fields": {"app_label": "cart", "model": "cart"}}, {"model": "contenttypes.contenttype", "pk": 17, "fields": {"app_label": "cart", "model": "cartitem"}}, {"model": "contenttypes.contenttype", "pk": 18, "fields": {"app_label": "cart", "model": "order"}}, {"model": "contenttypes.contenttype", "pk": 19, "fields": {"app_label": "cart", "model": "orderitem"}}, {"model": "sessions.session", "pk": "8xwta8t0sli24abuc12tp5tnh04nyvg2", "fields": {"session_data": ".eJxVjEEOwiAQRe_C2hA6MAIu3fcMZIBBqoYmpV0Z765NutDtf-_9lwi0rTVsnZcwZXERAOL0O0ZKD247yXdqt1mmua3LFOWuyIN2Oc6Zn9fD_Tuo1Ou3NklZZO-T88ZZlxiJLWatuLDNAxrDBCo5DVAGbckwlmgBDJLS6M7i_QEAPzeF:1wb8KX:zhP1IJA7ge_hj_s2tNgPTJlfGtNGOMIppHFVxYNuWug", "expire_date": "2026-07-05T02:54:41.295Z"}}, {"model": "sessions.session", "pk": "9vi63k9vcihhckhg8jjsk24rntjw6fk2", "fields": {"session_data": ".eJxVjEEOwiAQRe_C2hBGoBSX7j0DGZhBqgaS0q6Md9eaLnT5_3t5TxFwXUpYO89hInESYMTh94yY7lw3Qjes1yZTq8s8RbkpcqddXhrx47y7f4GCvXy7ZiTvlQIdkaxXHtjCZ_vR-cyIQ8zuyJpy0oQIZgDrLDJEYrTGitcb7lc4AA:1wc8wV:o5q2vAzY7KZwsw6_ZNlup4rpPHXMEL4o6oQ88-tSO2c", "expire_date": "2026-07-07T21:46:03.095Z"}}, {"model": "sessions.session", "pk": "cf6fizzpv1wcn9ij3qk9vvyzygd3nbmg", "fields": {"session_data": ".eJxVjMsOwiAUBf-FtSE8ysul-34DucBFqgaS0q6M_y5NutDtzJzzJh72rfi94-qXRK6EM3L5hQHiE-th0gPqvdHY6rYugR4JPW2nc0v4up3t30GBXsZaM5ODs9kKPSFq45RMhinBQQacuAyRZysNZGRolBPSRRhscBscoiGfL_lLOEM:1wc2fb:EIFJjjVHU3Ikz0YNyxDfGTrHNKuYmWEUKS8PACmC78U", "expire_date": "2026-07-07T15:04:11.965Z"}}, {"model": "sessions.session", "pk": "ui5mfmytrcvjojclmy2b4vm4xeh2s837", "fields": {"session_data": ".eJxVjDsOwjAQBe_iGln-fyjpOYO167VxADlSnFSIu0OkFNC-mXkvlmBbW9pGWdJE7MyUZaffESE_St8J3aHfZp7nvi4T8l3hBx38OlN5Xg7376DBaN9a60jVGhshImIk7aqX2lhRnQjGlRy8KB61VSglBSo-V8pKxRqzsEDs_QEBzThJ:1wcDWX:pCJsnip_Ro_IaGccHKBHsxGE-FZdFD-ogL3mkKk3K1A", "expire_date": "2026-07-08T02:39:33.937Z"}}, {"model": "users.user", "pk": 2, "fields": {"password": "pbkdf2_sha256$1200000$oAH2wbXPFAW4DrIJfW9mWg$96thKOQCsM4AeyUExCqlsS6Z/gufTrlEHiZdV5Zf9BU=", "last_login": "2026-06-17T04:07:26.632Z", "is_superuser": false, "username": "prueba", "first_name": "", "last_name": "", "email": "prueba@test.com", "is_staff": false, "is_active": true, "date_joined": "2026-06-05T02:02:19.191Z", "role": "productor", "phone": null, "address": null, "business_name": null, "is_approved": true, "is_profile_public": true, "reputacion_actual": "bueno", "groups": [], "user_permissions": []}}, {"model": "users.user", "pk": 3, "fields": {"password": "pbkdf2_sha256$1200000$MCrFixqBRPjHYVRvxalwDj$GmH5TFbpazVwgerpBeaoZ6X3mhp8vGK0pvr7ZYBd15I=", "last_login": "2026-06-09T16:01:03.887Z", "is_superuser": false, "username": "consumidor1", "first_name": "", "last_name": "", "email": "consumidor1@test.com", "is_staff": false, "is_active": true, "date_joined": "2026-06-05T02:02:39.027Z", "role": "consumidor", "phone": null, "address": null, "business_name": null, "is_approved": true, "is_profile_public": true, "reputacion_actual": "bueno", "groups": [], "user_permissions": []}}, {"model": "users.user", "pk": 4, "fields": {"password": "pbkdf2_sha256$600000$jbPeFxHB1CrVxhdhJ2ukJp$0/3vgyp1j3cLkJ7lErj9AKKr602klKhy4tDNUnDKnyI=", "last_login": null, "is_superuser": true, "username": "atrinidad", "first_name": "", "last_name": "", "email": "atrinidaddr0469@gmail.com", "is_staff": true, "is_active": true, "date_joined": "2026-06-05T15:39:36.209Z", "role": "consumidor", "phone": null, "address": null, "business_name": null, "is_approved": false, "is_profile_public": true, "reputacion_actual": "bueno", "groups": [], "user_permissions": []}}, {"model": "users.user", "pk": 5, "fields": {"password": "pbkdf2_sha256$600000$J9nSLY3tmYv4drXqccGjhW$2/20yZvQaO1jjs7jbkbBLdtX3NUtwxrcaH0kbB3Ln0M=", "last_login": "2026-06-05T15:55:07.731Z", "is_superuser": false, "username": "Elizabeth", "first_name": "", "last_name": "", "email": "eogando26@gmail.com", "is_staff": false, "is_active": true, "date_joined": "2026-06-05T15:55:06.829Z", "role": "consumidor", "phone": "8298417850", "address": "ovidio ruffino#10, monte cristi", "business_name": null, "is_approved": true, "is_profile_public": true, "reputacion_actual": "bueno", "groups": [], "user_permissions": []}}, {"model": "users.user", "pk": 6, "fields": {"password": "pbkdf2_sha256$1200000$TdFeoraoTpEnXcXl6Pdocj$eWQuTZ9pRd+JDoeP0SWbLLi3HihmPQy48+h10Ir075k=", "last_login": "2026-06-09T02:57:36.671Z", "is_superuser": false, "username": "Dany", "first_name": "", "last_name": "", "email": "dany@gmail.com", "is_staff": false, "is_active": true, "date_joined": "2026-06-05T15:58:51.858Z", "role": "productor", "phone": "8298417850", "address": "ovidio ruffino#10, monte cristi", "business_name": "Dios con nosotros", "is_approved": true, "is_profile_public": true, "reputacion_actual": "bueno", "groups": [], "user_permissions": []}}, {"model": "users.user", "pk": 7, "fields": {"password": "pbkdf2_sha256$1200000$mClYaVo62FWixtYHH1UnXV$EY/NVnX3uIif08f/1R10E9LmPL1cjZ9FH0YySHuU8ms=", "last_login": "2026-06-13T19:15:14.476Z", "is_superuser": false, "username": "productor_test", "first_name": "", "last_name": "", "email": "productor@test.com", "is_staff": false, "is_active": true, "date_joined": "2026-06-05T16:43:52.831Z", "role": "productor", "phone": "", "address": "", "business_name": "Finca Don Juan", "is_approved": true, "is_profile_public": true, "reputacion_actual": "bueno", "groups": [], "user_permissions": []}}, {"model": "users.user", "pk": 8, "fields": {"password": "pbkdf2_sha256$600000$juEhuoOygNkhinYemsW5c3$JFtQGLI2gU3E1lbEe0DBhtLSp3JXKSOfmiQB1J4R5GE=", "last_login": "2026-06-05T17:50:44.116Z", "is_superuser": false, "username": "Samuel", "first_name": "", "last_name": "", "email": "samuel@gmail.com", "is_staff": false, "is_active": true, "date_joined": "2026-06-05T17:50:43.219Z", "role": "productor", "phone": "8298417850", "address": "ovidio ruffino#10, monte cristi", "business_name": "mi tierrita", "is_approved": true, "is_profile_public": true, "reputacion_actual": "bueno", "groups": [], "user_permissions": []}}, {"model": "users.user", "pk": 9, "fields": {"password": "pbkdf2_sha256$600000$Lr9U6iQ8aA0PbV4hXbGkSC$TBnn1TK4WF8korZ9gSyEX/8AKopxwKcqrrHEQR3U5GA=", "last_login": "2026-06-07T01:00:44.919Z", "is_superuser": false, "username": "consumidor_test", "first_name": "", "last_name": "", "email": "consumidor@test.com", "is_staff": false, "is_active": true, "date_joined": "2026-06-05T18:47:29.377Z", "role": "consumidor", "phone": null, "address": null, "business_name": null, "is_approved": true, "is_profile_public": true, "reputacion_actual": "bueno", "groups": [], "user_permissions": []}}, {"model": "users.user", "pk": 10, "fields": {"password": "pbkdf2_sha256$1200000$21i6nGCJyMsf3IJ9N82ZA3$fo5acO/5A3Vld/ZxFZzepDg/RTuHPNzdkCNb0WxT7hI=", "last_login": "2026-06-24T01:11:06.949Z", "is_superuser": true, "username": "onpeco_regulador", "first_name": "", "last_name": "", "email": "direccion@onpeco.org", "is_staff": true, "is_active": true, "date_joined": "2026-06-08T00:25:34.188Z", "role": "regulador", "phone": "809-797-2033", "address": "Calle Olegario Tenares No. 4. Santo Domingo República Dominicana", "business_name": null, "is_approved": false, "is_profile_public": true, "reputacion_actual": "bueno", "groups": [4], "user_permissions": [29, 30, 31, 32]}}, {"model": "users.user", "pk": 11, "fields": {"password": "pbkdf2_sha256$1200000$GZTN1pbmsAU8ioSze8gSQ9$fynK6n4PIC7wHz1DLATEHG3rIwaXlazlj+6NbaHkeUM=", "last_login": "2026-06-08T23:44:46.223Z", "is_superuser": false, "username": "Elias", "first_name": "", "last_name": "", "email": "elias@gmail.com", "is_staff": false, "is_active": true, "date_joined": "2026-06-08T13:36:32.873Z", "role": "suplidor", "phone": "8298417850", "address": "calle san jose#4", "business_name": "Dios es bueno", "is_approved": true, "is_profile_public": true, "reputacion_actual": "bueno", "groups": [], "user_permissions": []}}, {"model": "users.user", "pk": 12, "fields": {"password": "pbkdf2_sha256$1200000$BBPDEsX26JJXvQWSMDQBoF$y9ATdIm2VzN2NYuhisvxQCucU8LVY2dTJbmhBAJgCE8=", "last_login": null, "is_superuser": false, "username": "productor1", "first_name": "Pedro", "last_name": "Martinez", "email": "", "is_staff": false, "is_active": true, "date_joined": "2026-06-09T15:55:25.282Z", "role": "productor", "phone": "809-555-1234", "address": "Constanza, La Vega", "business_name": "Finca La Esperanza", "is_approved": true, "is_profile_public": true, "reputacion_actual": "bueno", "groups": [], "user_permissions": []}}, {"model": "users.user", "pk": 13, "fields": {"password": "pbkdf2_sha256$1200000$gSS0rseYrDJR0svPP2zXpE$SmU94HVY6ZG1tViBe2dngEVmouUfotiq3AXv8LFMaJU=", "last_login": "2026-06-17T04:00:57.766Z", "is_superuser": false, "username": "Hanlet", "first_name": "", "last_name": "", "email": "hanlet@gmail.com", "is_staff": false, "is_active": true, "date_joined": "2026-06-09T16:21:21.393Z", "role": "consumidor", "phone": "8298417850", "address": "ovidio ruffino#10, monte cristi", "business_name": null, "is_approved": true, "is_profile_public": true, "reputacion_actual": "bueno", "groups": [], "user_permissions": []}}, {"model": "users.user", "pk": 14, "fields": {"password": "pbkdf2_sha256$1200000$DiIBoIe3VndiD4679gBFA7$qiXzuRTf7htK1sTMI9n5G0aNRtM+gAXb3VRRuy/KVSM=", "last_login": "2026-06-24T02:36:21.940Z", "is_superuser": false, "username": "nancy", "first_name": "", "last_name": "", "email": "nancy@gmail.com", "is_staff": false, "is_active": true, "date_joined": "2026-06-09T16:23:15.133Z", "role": "productor", "phone": "8298417850", "address": "ovidio ruffino#10, monte cristi", "business_name": "La Sierva", "is_approved": true, "is_profile_public": true, "reputacion_actual": "bueno", "groups": [], "user_permissions": []}}, {"model": "users.user", "pk": 15, "fields": {"password": "pbkdf2_sha256$1200000$lti6V1v21akZPdJQtdCPGL$WLfzMlbJ/JOmHa5B1nsuW5GXsyh+uXKzOHMpR5PXFCs=", "last_login": "2026-06-09T16:24:57.577Z", "is_superuser": false, "username": "Ismael", "first_name": "", "last_name": "", "email": "ismael@gmail.com", "is_staff": false, "is_active": true, "date_joined": "2026-06-09T16:24:55.934Z", "role": "suplidor", "phone": "8298417850", "address": "ovidio ruffino#10, monte cristi", "business_name": "la universidad", "is_approved": true, "is_profile_public": true, "reputacion_actual": "bueno", "groups": [], "user_permissions": []}}, {"model": "users.user", "pk": 16, "fields": {"password": "pbkdf2_sha256$1200000$HXqa0ntSwdvBCmuEkwx8UR$nnIheFmu0SD7m4J4B/lp5fbkTG0robBqG7ga0UjYNM4=", "last_login": "2026-06-09T19:32:01.197Z", "is_superuser": false, "username": "jose", "first_name": "", "last_name": "", "email": "jose@gmail.com", "is_staff": false, "is_active": true, "date_joined": "2026-06-09T19:31:41.198Z", "role": "consumidor", "phone": "8298417850", "address": "ovidio ruffino#10, monte cristi", "business_name": null, "is_approved": true, "is_profile_public": true, "reputacion_actual": "bueno", "groups": [], "user_permissions": []}}, {"model": "users.user", "pk": 17, "fields": {"password": "pbkdf2_sha256$1200000$kc7taDEPSsGVCHIzfR40df$CRA5XFUBM2ypwRoUkl8bGFTa4XzZrAEWs73/k+amvqA=", "last_login": "2026-06-10T01:48:47.851Z", "is_superuser": false, "username": "Maria", "first_name": "", "last_name": "", "email": "maria@gmail.com", "is_staff": false, "is_active": true, "date_joined": "2026-06-09T19:37:16.057Z", "role": "consumidor", "phone": "8298417850", "address": "ovidio ruffino#10, monte cristi", "business_name": null, "is_approved": true, "is_profile_public": true, "reputacion_actual": "bueno", "groups": [], "user_permissions": []}}, {"model": "users.user", "pk": 18, "fields": {"password": "pbkdf2_sha256$1200000$uwakmfVmPSG0P8iimn5zwr$V6vy4MPALKFpZM1ecSZIzddKe8+cbJ2pS/vfrBWia9o=", "last_login": "2026-06-09T19:53:29.946Z", "is_superuser": false, "username": "rosa", "first_name": "", "last_name": "", "email": "rosa@gmail.com", "is_staff": false, "is_active": true, "date_joined": "2026-06-09T19:43:28.911Z", "role": "productor", "phone": "8298417850", "address": "ovidio ruffino#10, monte cristi", "business_name": "Todo fresco", "is_approved": true, "is_profile_public": false, "reputacion_actual": "bueno", "groups": [], "user_permissions": []}}, {"model": "users.user", "pk": 19, "fields": {"password": "pbkdf2_sha256$1200000$07oHw3IAL5ZRcjEmDqaC34$JiEVeO9Pd9iPi66LKjTvlR9qsx0BydfGcgWoZ8h4qUU=", "last_login": "2026-06-12T01:55:08.385Z", "is_superuser": false, "username": "Manuel", "first_name": "", "last_name": "", "email": "manuel@gmail.com", "is_staff": false, "is_active": true, "date_joined": "2026-06-11T23:28:31.277Z", "role": "consumidor", "phone": "8298417850", "address": "ovidio ruffino#10, monte cristi", "business_name": null, "is_approved": true, "is_profile_public": true, "reputacion_actual": "bueno", "groups": [], "user_permissions": []}}, {"model": "users.user", "pk": 20, "fields": {"password": "pbkdf2_sha256$1200000$dwZz8HzhHjkKNiw6AJFDBy$s3LZqHnXtHIfPyQjKp0+wCnetlEMzIYrjPfR81gXqDc=", "last_login": "2026-06-11T23:34:00.102Z", "is_superuser": false, "username": "Santo", "first_name": "", "last_name": "", "email": "santo@gmail.com", "is_staff": false, "is_active": true, "date_joined": "2026-06-11T23:33:57.970Z", "role": "productor", "phone": "8298417850", "address": "ovidio ruffino#10, monte cristi", "business_name": "mi ranchito", "is_approved": true, "is_profile_public": true, "reputacion_actual": "bueno", "groups": [], "user_permissions": []}}, {"model": "users.user", "pk": 21, "fields": {"password": "pbkdf2_sha256$1200000$tvPfwvL3ekSMxKG1P4nLWn$W3n2Oi897ubsXcPQXuLfUbZwdI6k7+85EZjmfK3yEC8=", "last_login": "2026-06-11T23:44:37.673Z", "is_superuser": false, "username": "marcos", "first_name": "", "last_name": "", "email": "marcos@gmail.com", "is_staff": false, "is_active": true, "date_joined": "2026-06-11T23:44:35.664Z", "role": "suplidor", "phone": "8298417850", "address": "ovidio ruffino#10, monte cristi", "business_name": "universidad", "is_approved": false, "is_profile_public": true, "reputacion_actual": "bueno", "groups": [], "user_permissions": []}}, {"model": "users.user", "pk": 22, "fields": {"password": "pbkdf2_sha256$1200000$RKtu16bV9FbeQ7cXKzSXp5$XNdmrA/7nIlNBiCIoA3IN/3sK33OlC5ru0b0UgQq638=", "last_login": "2026-06-24T00:29:30.445Z", "is_superuser": false, "username": "centro_acopio", "first_name": "", "last_name": "", "email": "acopio@cosechadirecta.com", "is_staff": false, "is_active": true, "date_joined": "2026-06-13T19:23:03.049Z", "role": "acopio", "phone": null, "address": null, "business_name": "Centro de Acopio - Cosecha Directa", "is_approved": false, "is_profile_public": true, "reputacion_actual": "bueno", "groups": [], "user_permissions": []}}, {"model": "users.user", "pk": 23, "fields": {"password": "pbkdf2_sha256$1200000$ZHFNUCf8DhapvHDtJYoldO$S7Xz9DHBKtAZ15VXzo1dwsQQ6vBUxTlzehrzVFw9tyM=", "last_login": "2026-06-13T20:54:35.350Z", "is_superuser": false, "username": "Henry", "first_name": "", "last_name": "", "email": "henry@gmail.com", "is_staff": false, "is_active": true, "date_joined": "2026-06-13T20:54:33.624Z", "role": "productor", "phone": "829 841-7850", "address": "ovidio ruffino#10, monte cristi", "business_name": "El Puli", "is_approved": false, "is_profile_public": true, "reputacion_actual": "bueno", "groups": [], "user_permissions": []}}, {"model": "users.user", "pk": 24, "fields": {"password": "pbkdf2_sha256$1200000$cQcDQUhmT8yXXvzbFfrVsx$DaVRpmACpFtSZB1F/AWeuc/4bruw28rJfqpIsm5aBKE=", "last_login": "2026-06-16T16:35:47.502Z", "is_superuser": false, "username": "berenice", "first_name": "", "last_name": "", "email": "bere@gmail.com", "is_staff": false, "is_active": true, "date_joined": "2026-06-16T16:34:36.966Z", "role": "productor", "phone": "8298417850", "address": "ovidio ruffino#10, monte cristi", "business_name": "casa de Dios", "is_approved": false, "is_profile_public": true, "reputacion_actual": "bueno", "groups": [], "user_permissions": []}}, {"model": "users.user", "pk": 25, "fields": {"password": "pbkdf2_sha256$1200000$mxdj7WGeKlaJlxGMa3Dccy$KkWYvycLTBI3CIlpaFTupGHRRU7d0QNxetfKQgFvmI8=", "last_login": "2026-06-24T02:39:33.930Z", "is_superuser": false, "username": "bartolo", "first_name": "", "last_name": "", "email": "bartolo@gmail.com", "is_staff": false, "is_active": true, "date_joined": "2026-06-16T16:39:33.039Z", "role": "consumidor", "phone": "8298417850", "address": "ovidio ruffino#10, monte cristi", "business_name": null, "is_approved": true, "is_profile_public": true, "reputacion_actual": "bueno", "groups": [], "user_permissions": []}}, {"model": "users.user", "pk": 26, "fields": {"password": "pbkdf2_sha256$1200000$aqexxtT2T1TpFHG5uT8pgL$SpWLWl//zVKckMI2szqkGeIO3qF69xI6R55uWduHocg=", "last_login": "2026-06-16T19:23:14.420Z", "is_superuser": false, "username": "nayeli", "first_name": "", "last_name": "", "email": "nayeli@gmail.com", "is_staff": false, "is_active": true, "date_joined": "2026-06-16T18:00:32.766Z", "role": "consumidor", "phone": "8298417850", "address": "ovidio ruffino#10, monte cristi", "business_name": null, "is_approved": true, "is_profile_public": true, "reputacion_actual": "bueno", "groups": [], "user_permissions": []}}, {"model": "users.user", "pk": 27, "fields": {"password": "pbkdf2_sha256$1200000$kuYNacOtRXp7CGMrF7VXqr$4mqnln6WWcJ/q0W4fMIcEDhHWRvpMMSuR9X8VtHdiy4=", "last_login": "2026-06-17T04:05:08.388Z", "is_superuser": false, "username": "Leonor", "first_name": "", "last_name": "", "email": "leonor@gmail.com", "is_staff": false, "is_active": true, "date_joined": "2026-06-16T18:23:46.173Z", "role": "productor", "phone": "8298417850", "address": "ovidio ruffino#10, monte cristi", "business_name": "concoleoRD", "is_approved": true, "is_profile_public": true, "reputacion_actual": "bueno", "groups": [], "user_permissions": []}}, {"model": "users.user", "pk": 28, "fields": {"password": "pbkdf2_sha256$1200000$xyQrpl8XvuSSQQLiGrpcK6$sJRz0Di6hAgoTwskX9Kqgh6pP7jB7vN8QApC5M1d924=", "last_login": "2026-06-17T13:28:38.868Z", "is_superuser": false, "username": "juana", "first_name": "", "last_name": "", "email": "juana@gmail.com", "is_staff": false, "is_active": true, "date_joined": "2026-06-17T13:19:22.985Z", "role": "suplidor", "phone": "8298417850", "address": "ovidio ruffino#10, monte cristi", "business_name": "universidad", "is_approved": false, "is_profile_public": true, "reputacion_actual": "bueno", "groups": [], "user_permissions": []}}, {"model": "users.user", "pk": 29, "fields": {"password": "pbkdf2_sha256$1200000$EIaoy7CLiqWsOJlE4hYEaB$x8KpjppvdsxaBvPQbYpgdgD0BH7ic55q+nvD5zpN79k=", "last_login": null, "is_superuser": false, "username": "belkis", "first_name": "", "last_name": "", "email": "belkis@gmail.com", "is_staff": false, "is_active": true, "date_joined": "2026-06-17T13:31:07.752Z", "role": "consumidor", "phone": "8298417850", "address": "ovidio ruffino#10, monte cristi", "business_name": null, "is_approved": true, "is_profile_public": true, "reputacion_actual": "bueno", "groups": [], "user_permissions": []}}, {"model": "marketplace.product", "pk": 1, "fields": {"vendedor": 2, "productor_origen": null, "name": "platanos", "description": "Finca la bendicion, nos dedicamos a la produccion de platanos", "category": "otros", "subcategory": null, "precio_compra_productor": null, "price": "5.00", "unit": "unidad", "stock": 100, "stock_minimo": 5, "image": "products/platanos.jpe", "available": true, "view_count": 14, "created_at": "2026-06-05T15:43:59.325Z", "updated_at": "2026-06-08T13:58:48.526Z"}}, {"model": "marketplace.product", "pk": 2, "fields": {"vendedor": 7, "productor_origen": null, "name": "aguacates", "description": "Aguacates criollos", "category": "frutas", "subcategory": null, "precio_compra_productor": null, "price": "15.00", "unit": "unidad", "stock": 1000, "stock_minimo": 5, "image": "products/aguacate.jpe", "available": true, "view_count": 26, "created_at": "2026-06-05T16:55:30.807Z", "updated_at": "2026-06-08T13:46:27.638Z"}}, {"model": "marketplace.product", "pk": 3, "fields": {"vendedor": 7, "productor_origen": null, "name": "Zanahorias", "description": "Zanahorias de buena calidad", "category": "verduras", "subcategory": null, "precio_compra_productor": null, "price": "15.00", "unit": "lb", "stock": 1000, "stock_minimo": 100, "image": "products/Zanahorias.jpe", "available": true, "view_count": 13, "created_at": "2026-06-05T17:08:15.805Z", "updated_at": "2026-06-08T13:47:17.408Z"}}, {"model": "marketplace.product", "pk": 4, "fields": {"vendedor": 7, "productor_origen": null, "name": "Repollo", "description": "Repollo fresco", "category": "verduras", "subcategory": null, "precio_compra_productor": null, "price": "100.00", "unit": "lb", "stock": 1000, "stock_minimo": 100, "image": "products/repollo.jpe", "available": true, "view_count": 1, "created_at": "2026-06-05T17:09:35.807Z", "updated_at": "2026-06-08T13:48:06.658Z"}}, {"model": "marketplace.product", "pk": 5, "fields": {"vendedor": 7, "productor_origen": null, "name": "Yuca", "description": "Yucas de calidad", "category": "tubérculos", "subcategory": null, "precio_compra_productor": null, "price": "15.00", "unit": "lb", "stock": 2000, "stock_minimo": 100, "image": "products/yuca.jpe", "available": true, "view_count": 3, "created_at": "2026-06-05T17:15:59.452Z", "updated_at": "2026-06-08T13:48:52.659Z"}}, {"model": "marketplace.product", "pk": 6, "fields": {"vendedor": 7, "productor_origen": null, "name": "Yautia amarilla", "description": "Yautia de calidad", "category": "tubérculos", "subcategory": null, "precio_compra_productor": null, "price": "25.00", "unit": "lb", "stock": 100, "stock_minimo": 10, "image": "products/yautia_amarilla.jpe", "available": true, "view_count": 2, "created_at": "2026-06-05T18:15:36.865Z", "updated_at": "2026-06-08T13:50:12.825Z"}}, {"model": "marketplace.product", "pk": 7, "fields": {"vendedor": 7, "productor_origen": null, "name": "arroz selecto", "description": "Arroz premiun", "category": "granos", "subcategory": null, "precio_compra_productor": null, "price": "25.00", "unit": "lb", "stock": 1000, "stock_minimo": 100, "image": "products/arroz_selecto.jpe", "available": true, "view_count": 1, "created_at": "2026-06-05T18:26:23.092Z", "updated_at": "2026-06-08T13:51:25.212Z"}}, {"model": "marketplace.product", "pk": 8, "fields": {"vendedor": 7, "productor_origen": null, "name": "Zapote", "description": "Zapote de calidad", "category": "frutas", "subcategory": null, "precio_compra_productor": null, "price": "20.00", "unit": "unidad", "stock": 1000, "stock_minimo": 100, "image": "products/zapote.jpe", "available": true, "view_count": 3, "created_at": "2026-06-05T18:36:00.946Z", "updated_at": "2026-06-08T13:52:12.211Z"}}, {"model": "marketplace.product", "pk": 9, "fields": {"vendedor": 14, "productor_origen": null, "name": "Leche de vaca", "description": "leche fresca", "category": "otros", "subcategory": null, "precio_compra_productor": null, "price": "100.00", "unit": "lb", "stock": 100, "stock_minimo": 5, "image": "products/leche_de_vaca.jpe", "available": true, "view_count": 2, "created_at": "2026-06-09T20:50:01.794Z", "updated_at": "2026-06-09T20:50:01.794Z"}}, {"model": "marketplace.product", "pk": 10, "fields": {"vendedor": 14, "productor_origen": null, "name": "papas", "description": "papas criollas", "category": "tuberculos", "subcategory": null, "precio_compra_productor": null, "price": "10.00", "unit": "lb", "stock": 1000, "stock_minimo": 5, "image": "products/papas.jpe", "available": true, "view_count": 0, "created_at": "2026-06-09T22:09:28.860Z", "updated_at": "2026-06-09T22:09:28.860Z"}}, {"model": "marketplace.product", "pk": 11, "fields": {"vendedor": 14, "productor_origen": null, "name": "aguacates", "description": "aguacates frescos", "category": "frutas", "subcategory": null, "precio_compra_productor": null, "price": "5.00", "unit": "unidad", "stock": 1000, "stock_minimo": 100, "image": "products/aguacates2.jpe", "available": true, "view_count": 1, "created_at": "2026-06-09T22:11:08.253Z", "updated_at": "2026-06-09T22:11:08.253Z"}}, {"model": "marketplace.product", "pk": 12, "fields": {"vendedor": 14, "productor_origen": null, "name": "mangos", "description": "mango banilejos", "category": "frutas", "subcategory": null, "precio_compra_productor": null, "price": "3.00", "unit": "unidad", "stock": 1000, "stock_minimo": 100, "image": "products/mangos_banilejos.jpe", "available": true, "view_count": 0, "created_at": "2026-06-09T22:14:09.884Z", "updated_at": "2026-06-09T22:14:09.884Z"}}, {"model": "marketplace.product", "pk": 13, "fields": {"vendedor": 14, "productor_origen": null, "name": "huevos", "description": "huevos criollos", "category": "carnes", "subcategory": "huevos", "precio_compra_productor": null, "price": "4.00", "unit": "unidad", "stock": 1000, "stock_minimo": 100, "image": "products/huevos.jpe", "available": true, "view_count": 0, "created_at": "2026-06-09T22:33:15.479Z", "updated_at": "2026-06-09T22:33:15.479Z"}}, {"model": "marketplace.product", "pk": 14, "fields": {"vendedor": 27, "productor_origen": null, "name": "conconetes", "description": "conconetes organicos", "category": "condimentos", "subcategory": "miel", "precio_compra_productor": null, "price": "100.00", "unit": "unidad", "stock": 100, "stock_minimo": 5, "image": "products/conconetes_altesanales.jpeg", "available": true, "view_count": 2, "created_at": "2026-06-16T19:35:51.081Z", "updated_at": "2026-06-16T19:35:51.081Z"}}, {"model": "chat.chatroom", "pk": 1, "fields": {"productor": 7, "consumidor": 9, "producto": 2, "created_at": "2026-06-05T23:42:47.444Z", "updated_at": "2026-06-06T18:39:52.292Z"}}, {"model": "chat.chatroom", "pk": 2, "fields": {"productor": 7, "consumidor": 9, "producto": 3, "created_at": "2026-06-06T00:13:18.981Z", "updated_at": "2026-06-06T01:27:23.868Z"}}, {"model": "chat.chatroom", "pk": 3, "fields": {"productor": 2, "consumidor": 9, "producto": 1, "created_at": "2026-06-06T00:35:06.426Z", "updated_at": "2026-06-06T00:35:30.135Z"}}, {"model": "chat.chatroom", "pk": 4, "fields": {"productor": 6, "consumidor": 3, "producto": null, "created_at": "2026-06-09T16:11:11.879Z", "updated_at": "2026-06-09T16:11:36.355Z"}}, {"model": "chat.chatroom", "pk": 5, "fields": {"productor": 2, "consumidor": 17, "producto": 1, "created_at": "2026-06-09T19:40:39.062Z", "updated_at": "2026-06-09T19:40:57.586Z"}}, {"model": "chat.chatroom", "pk": 6, "fields": {"productor": 7, "consumidor": 17, "producto": 3, "created_at": "2026-06-10T01:49:13.338Z", "updated_at": "2026-06-10T01:49:30.691Z"}}, {"model": "chat.chatroom", "pk": 7, "fields": {"productor": 7, "consumidor": 19, "producto": 3, "created_at": "2026-06-11T23:29:13.111Z", "updated_at": "2026-06-11T23:29:34.062Z"}}, {"model": "chat.chatroom", "pk": 8, "fields": {"productor": 7, "consumidor": 13, "producto": 2, "created_at": "2026-06-14T04:09:35.433Z", "updated_at": "2026-06-14T04:10:02.890Z"}}, {"model": "chat.chatroom", "pk": 9, "fields": {"productor": 7, "consumidor": 26, "producto": 3, "created_at": "2026-06-16T18:12:15.585Z", "updated_at": "2026-06-16T18:13:00.454Z"}}, {"model": "chat.chatroom", "pk": 10, "fields": {"productor": 14, "consumidor": 25, "producto": null, "created_at": "2026-06-22T22:29:11.635Z", "updated_at": "2026-06-22T22:31:37.180Z"}}, {"model": "chat.chatroom", "pk": 11, "fields": {"productor": 7, "consumidor": 25, "producto": 2, "created_at": "2026-06-23T01:15:49.862Z", "updated_at": "2026-06-23T01:15:49.862Z"}}, {"model": "chat.chatroom", "pk": 12, "fields": {"productor": 14, "consumidor": 25, "producto": 9, "created_at": "2026-06-23T21:48:01.466Z", "updated_at": "2026-06-24T02:37:51.380Z"}}, {"model": "chat.chatmessage", "pk": 1, "fields": {"room": 1, "sender": 9, "message": "hola productor", "is_read": true, "created_at": "2026-06-05T23:51:51.848Z"}}, {"model": "chat.chatmessage", "pk": 2, "fields": {"room": 2, "sender": 9, "message": "hola, necesito este producto", "is_read": true, "created_at": "2026-06-06T00:13:37.015Z"}}, {"model": "chat.chatmessage", "pk": 3, "fields": {"room": 3, "sender": 9, "message": "hola cuantos esta costando este producto", "is_read": true, "created_at": "2026-06-06T00:35:30.124Z"}}, {"model": "chat.chatmessage", "pk": 4, "fields": {"room": 2, "sender": 7, "message": "pues vamos a ponernos de acuerdo para fijar una reunion", "is_read": true, "created_at": "2026-06-06T01:27:23.861Z"}}, {"model": "chat.chatmessage", "pk": 5, "fields": {"room": 1, "sender": 9, "message": "hola que tal, como estan las cosas", "is_read": true, "created_at": "2026-06-06T18:39:52.289Z"}}, {"model": "chat.chatmessage", "pk": 6, "fields": {"room": 4, "sender": 3, "message": "Hola, me interesa negociar con ustedes", "is_read": false, "created_at": "2026-06-09T16:11:36.338Z"}}, {"model": "chat.chatmessage", "pk": 7, "fields": {"room": 5, "sender": 17, "message": "hola, quiero negociar con usted", "is_read": false, "created_at": "2026-06-09T19:40:57.573Z"}}, {"model": "chat.chatmessage", "pk": 8, "fields": {"room": 6, "sender": 17, "message": "hola, quiero que negociemos", "is_read": false, "created_at": "2026-06-10T01:49:30.691Z"}}, {"model": "chat.chatmessage", "pk": 9, "fields": {"room": 7, "sender": 19, "message": "me interesaese producto", "is_read": false, "created_at": "2026-06-11T23:29:34.050Z"}}, {"model": "chat.chatmessage", "pk": 10, "fields": {"room": 8, "sender": 13, "message": "buenas tardes, me interesa tu producto", "is_read": false, "created_at": "2026-06-14T04:10:02.883Z"}}, {"model": "chat.chatmessage", "pk": 11, "fields": {"room": 9, "sender": 26, "message": "hola estoy interesado en tus productos", "is_read": false, "created_at": "2026-06-16T18:13:00.437Z"}}, {"model": "chat.chatmessage", "pk": 12, "fields": {"room": 10, "sender": 25, "message": "Dios te bendiga nancy", "is_read": true, "created_at": "2026-06-22T22:29:29.449Z"}}, {"model": "chat.chatmessage", "pk": 13, "fields": {"room": 10, "sender": 14, "message": "bendiciones", "is_read": true, "created_at": "2026-06-22T22:30:11.925Z"}}, {"model": "chat.chatmessage", "pk": 14, "fields": {"room": 10, "sender": 25, "message": "estoy interesado en tus productos", "is_read": true, "created_at": "2026-06-22T22:30:47.275Z"}}, {"model": "chat.chatmessage", "pk": 15, "fields": {"room": 10, "sender": 14, "message": "pues vamos a ponernos de acuerdo", "is_read": true, "created_at": "2026-06-22T22:31:11.273Z"}}, {"model": "chat.chatmessage", "pk": 16, "fields": {"room": 10, "sender": 25, "message": "ok", "is_read": true, "created_at": "2026-06-22T22:31:37.180Z"}}, {"model": "chat.chatmessage", "pk": 17, "fields": {"room": 12, "sender": 25, "message": "hola", "is_read": true, "created_at": "2026-06-23T21:48:09.002Z"}}, {"model": "chat.chatmessage", "pk": 18, "fields": {"room": 12, "sender": 14, "message": "Buenas", "is_read": true, "created_at": "2026-06-23T21:48:37.327Z"}}, {"model": "chat.chatmessage", "pk": 19, "fields": {"room": 12, "sender": 25, "message": "me gustaria negociar", "is_read": true, "created_at": "2026-06-23T21:48:51.614Z"}}, {"model": "chat.chatmessage", "pk": 20, "fields": {"room": 12, "sender": 14, "message": "Dígame", "is_read": true, "created_at": "2026-06-23T21:49:08.602Z"}}, {"model": "chat.chatmessage", "pk": 21, "fields": {"room": 12, "sender": 25, "message": "pero tiene los productos muy caros", "is_read": true, "created_at": "2026-06-23T21:49:18.577Z"}}, {"model": "chat.chatmessage", "pk": 22, "fields": {"room": 12, "sender": 14, "message": "Están a un precio asequible al mercado", "is_read": true, "created_at": "2026-06-23T21:49:40.699Z"}}, {"model": "chat.chatmessage", "pk": 23, "fields": {"room": 12, "sender": 25, "message": "si no te pones en la cosa te denunciare", "is_read": true, "created_at": "2026-06-23T21:49:48.937Z"}}, {"model": "chat.chatmessage", "pk": 24, "fields": {"room": 12, "sender": 14, "message": "No tenemos que llegar a tanto", "is_read": true, "created_at": "2026-06-23T21:50:03.823Z"}}, {"model": "chat.chatmessage", "pk": 25, "fields": {"room": 12, "sender": 14, "message": "Dígame lo que necesita y negociamos", "is_read": true, "created_at": "2026-06-23T21:50:19.654Z"}}, {"model": "chat.chatmessage", "pk": 26, "fields": {"room": 12, "sender": 25, "message": "te estoy dando seguimiento", "is_read": true, "created_at": "2026-06-23T21:50:22.004Z"}}, {"model": "chat.chatmessage", "pk": 27, "fields": {"room": 12, "sender": 14, "message": "No diga eso", "is_read": true, "created_at": "2026-06-23T21:50:32.251Z"}}, {"model": "chat.chatmessage", "pk": 28, "fields": {"room": 12, "sender": 14, "message": "Tengo los mejores productos del mercado", "is_read": true, "created_at": "2026-06-23T21:50:44.703Z"}}, {"model": "chat.chatmessage", "pk": 29, "fields": {"room": 12, "sender": 25, "message": "ok, me convencio", "is_read": true, "created_at": "2026-06-23T21:50:44.949Z"}}, {"model": "chat.chatmessage", "pk": 30, "fields": {"room": 12, "sender": 14, "message": "Podemos hacer negocio", "is_read": true, "created_at": "2026-06-23T21:51:01.616Z"}}, {"model": "chat.chatmessage", "pk": 31, "fields": {"room": 12, "sender": 25, "message": "hola de nuevo", "is_read": true, "created_at": "2026-06-24T02:16:32.398Z"}}, {"model": "chat.chatmessage", "pk": 32, "fields": {"room": 12, "sender": 25, "message": "no hemos quedado en nada aun", "is_read": true, "created_at": "2026-06-24T02:16:51.513Z"}}, {"model": "chat.chatmessage", "pk": 33, "fields": {"room": 10, "sender": 14, "message": "Hola bartolo, este es un mensaje de prueba para ver el badge", "is_read": false, "created_at": "2026-06-24T02:24:47.551Z"}}, {"model": "chat.chatmessage", "pk": 34, "fields": {"room": 10, "sender": 14, "message": "Hola bartolo, este es un mensaje de prueba para ver el badge", "is_read": false, "created_at": "2026-06-24T02:25:55.743Z"}}, {"model": "chat.chatmessage", "pk": 35, "fields": {"room": 12, "sender": 14, "message": "sigo esperando por usted", "is_read": false, "created_at": "2026-06-24T02:37:21.799Z"}}, {"model": "chat.chatmessage", "pk": 36, "fields": {"room": 12, "sender": 14, "message": "puedo ponerle buenos precios", "is_read": false, "created_at": "2026-06-24T02:37:40.520Z"}}, {"model": "chat.chatmessage", "pk": 37, "fields": {"room": 12, "sender": 14, "message": "ya vi que somos paisanos", "is_read": false, "created_at": "2026-06-24T02:37:51.367Z"}}, {"model": "complaints.complaint", "pk": 1, "fields": {"complainant": 9, "complained_against": 2, "ticket_number": "CD-000001", "title": "Precio muy alto", "complaint_type": "price", "description": "Este producto esta por encima de su precio real", "status": "rejected", "priority": "low", "created_at": "2026-06-05T18:51:12.913Z", "updated_at": "2026-06-05T19:02:33.199Z"}}, {"model": "complaints.complaint", "pk": 2, "fields": {"complainant": 17, "complained_against": 14, "ticket_number": "CD-000002", "title": "precios muy altos", "complaint_type": "price", "description": "creo que el precio del producto no se ajusta", "status": "pending", "priority": "low", "created_at": "2026-06-10T02:17:04.946Z", "updated_at": "2026-06-10T02:17:04.946Z"}}, {"model": "complaints.complaint", "pk": 3, "fields": {"complainant": 19, "complained_against": 7, "ticket_number": "CD-000003", "title": "son muy pequeno", "complaint_type": "price", "description": "no me gusta ese producto", "status": "rejected", "priority": "low", "created_at": "2026-06-11T23:30:39.927Z", "updated_at": "2026-06-17T23:31:26.927Z"}}, {"model": "complaints.complaint", "pk": 4, "fields": {"complainant": 13, "complained_against": 7, "ticket_number": "CD-000004", "title": "La Zanahoria", "complaint_type": "price", "description": "La zanahoria este productor la esta bendiendo muy cara", "status": "investigating", "priority": "high", "created_at": "2026-06-13T11:51:17.842Z", "updated_at": "2026-06-13T12:54:53.878Z"}}, {"model": "complaints.complaint", "pk": 5, "fields": {"complainant": 13, "complained_against": 7, "ticket_number": "CD-000005", "title": "yuca cara", "complaint_type": "price", "description": "La yuca la tiene muy cara", "status": "resolved", "priority": "high", "created_at": "2026-06-13T11:56:08.573Z", "updated_at": "2026-06-13T12:52:55.845Z"}}, {"model": "complaints.complaint", "pk": 6, "fields": {"complainant": 26, "complained_against": 7, "ticket_number": "CD-000006", "title": "esto esta muy caro", "complaint_type": "price", "description": "no me agrado, estaba mayusgado", "status": "resolved", "priority": "high", "created_at": "2026-06-16T18:11:31.335Z", "updated_at": "2026-06-16T18:45:23.061Z"}}, {"model": "complaints.complaint", "pk": 7, "fields": {"complainant": 25, "complained_against": 27, "ticket_number": "CD-000007", "title": "la entrega esta pesima", "complaint_type": "delivery", "description": "lo pedi en la manana y llego en la noche", "status": "rejected", "priority": "high", "created_at": "2026-06-22T22:26:45.847Z", "updated_at": "2026-06-22T22:33:02.134Z"}}, {"model": "complaints.complaintupdate", "pk": 1, "fields": {"complaint": 1, "comment": "", "old_status": "pending", "new_status": "rejected", "created_by": 2, "created_at": "2026-06-05T19:02:33.186Z"}}, {"model": "complaints.complaintupdate", "pk": 2, "fields": {"complaint": 5, "comment": "", "old_status": "resolved", "new_status": "resolved", "created_by": 10, "created_at": "2026-06-13T12:52:55.854Z"}}, {"model": "complaints.complaintupdate", "pk": 3, "fields": {"complaint": 4, "comment": "", "old_status": "pending", "new_status": "investigating", "created_by": 10, "created_at": "2026-06-13T12:54:53.885Z"}}, {"model": "complaints.complaintupdate", "pk": 4, "fields": {"complaint": 6, "comment": "", "old_status": "pending", "new_status": "resolved", "created_by": 10, "created_at": "2026-06-16T18:45:23.079Z"}}, {"model": "complaints.complaintupdate", "pk": 5, "fields": {"complaint": 3, "comment": "", "old_status": "pending", "new_status": "rejected", "created_by": 10, "created_at": "2026-06-17T23:31:26.939Z"}}, {"model": "complaints.complaintupdate", "pk": 6, "fields": {"complaint": 7, "comment": "", "old_status": "pending", "new_status": "rejected", "created_by": 10, "created_at": "2026-06-22T22:33:02.147Z"}}, {"model": "reviews.review", "pk": 1, "fields": {"productor": 6, "consumidor": 3, "rating": 3, "comment": "Excelente producto y amabilidad del personal de esta finca", "created_at": "2026-06-09T16:10:55.059Z", "updated_at": "2026-06-09T16:10:55.059Z", "is_approved": true}}, {"model": "reviews.review", "pk": 2, "fields": {"productor": 2, "consumidor": 3, "rating": 5, "comment": "Excelente productor, muy recomendado!", "created_at": "2026-06-09T20:55:45.177Z", "updated_at": "2026-06-09T20:55:45.177Z", "is_approved": true}}, {"model": "reviews.review", "pk": 3, "fields": {"productor": 7, "consumidor": 3, "rating": 4, "comment": "Buen productor, lo recomiendo.", "created_at": "2026-06-09T20:55:47.364Z", "updated_at": "2026-06-09T20:55:47.364Z", "is_approved": true}}, {"model": "reviews.review", "pk": 4, "fields": {"productor": 8, "consumidor": 3, "rating": 5, "comment": "Excelente productor, muy recomendado!", "created_at": "2026-06-09T20:55:47.411Z", "updated_at": "2026-06-09T20:55:47.411Z", "is_approved": true}}, {"model": "reviews.review", "pk": 5, "fields": {"productor": 12, "consumidor": 3, "rating": 3, "comment": "Productor regular, puede mejorar.", "created_at": "2026-06-09T20:55:47.427Z", "updated_at": "2026-06-09T20:55:47.427Z", "is_approved": true}}, {"model": "reviews.review", "pk": 6, "fields": {"productor": 14, "consumidor": 3, "rating": 4, "comment": "Buen productor, lo recomiendo.", "created_at": "2026-06-09T20:55:47.442Z", "updated_at": "2026-06-09T20:55:47.458Z", "is_approved": true}}, {"model": "reviews.review", "pk": 7, "fields": {"productor": 18, "consumidor": 3, "rating": 4, "comment": "Buen productor, lo recomiendo.", "created_at": "2026-06-09T20:55:47.474Z", "updated_at": "2026-06-09T20:55:47.474Z", "is_approved": true}}, {"model": "reviews.review", "pk": 8, "fields": {"productor": 2, "consumidor": 17, "rating": 4, "comment": "", "created_at": "2026-06-09T21:29:40.893Z", "updated_at": "2026-06-09T21:29:40.893Z", "is_approved": true}}, {"model": "reviews.review", "pk": 9, "fields": {"productor": 14, "consumidor": 13, "rating": 5, "comment": "", "created_at": "2026-06-13T12:57:00.373Z", "updated_at": "2026-06-13T12:57:00.373Z", "is_approved": true}}, {"model": "reviews.review", "pk": 10, "fields": {"productor": 14, "consumidor": 25, "rating": 5, "comment": "", "created_at": "2026-06-22T22:28:56.997Z", "updated_at": "2026-06-22T22:28:56.997Z", "is_approved": true}}, {"model": "cart.cart", "pk": 1, "fields": {"user": 10, "created_at": "2026-06-13T16:04:33.247Z", "updated_at": "2026-06-13T16:04:33.247Z"}}, {"model": "cart.cart", "pk": 2, "fields": {"user": 13, "created_at": "2026-06-13T16:17:50.903Z", "updated_at": "2026-06-13T16:17:50.903Z"}}, {"model": "cart.cart", "pk": 3, "fields": {"user": 25, "created_at": "2026-06-16T16:42:33.143Z", "updated_at": "2026-06-16T16:42:33.143Z"}}, {"model": "cart.cart", "pk": 4, "fields": {"user": 26, "created_at": "2026-06-16T18:02:12.402Z", "updated_at": "2026-06-16T18:02:12.402Z"}}, {"model": "cart.cartitem", "pk": 1, "fields": {"cart": 1, "product": 2, "quantity": 5, "added_at": "2026-06-13T16:09:46.633Z"}}, {"model": "cart.cartitem", "pk": 2, "fields": {"cart": 1, "product": 3, "quantity": 10, "added_at": "2026-06-13T16:10:50.406Z"}}, {"model": "cart.order", "pk": 1, "fields": {"user": 13, "seller": null, "acopio": null, "payment_breakdown": {}, "created_at": "2026-06-13T17:05:09.195Z", "updated_at": "2026-06-13T17:05:09.195Z", "status": "pending", "total_amount": "180.00", "payment_status": "pending", "payment_date": null, "delivery_type": "delivery", "shipping_address": "ovidio ruffino#10, monte cristi", "pickup_location": "", "phone_number": "8298417850", "delivery_instructions": "", "notes": ""}}, {"model": "cart.order", "pk": 2, "fields": {"user": 13, "seller": 7, "acopio": null, "payment_breakdown": {}, "created_at": "2026-06-13T19:12:51.178Z", "updated_at": "2026-06-13T19:16:19.052Z", "status": "preparing", "total_amount": "115.00", "payment_status": "pending", "payment_date": null, "delivery_type": "pickup", "shipping_address": "", "pickup_location": "finca_productor", "phone_number": "8298417850", "delivery_instructions": "", "notes": ""}}, {"model": "cart.order", "pk": 3, "fields": {"user": 13, "seller": 2, "acopio": null, "payment_breakdown": {}, "created_at": "2026-06-13T19:14:05.805Z", "updated_at": "2026-06-13T19:14:05.805Z", "status": "pending", "total_amount": "5.00", "payment_status": "pending", "payment_date": null, "delivery_type": "pickup", "shipping_address": "", "pickup_location": "finca_productor", "phone_number": "8298417850", "delivery_instructions": "", "notes": ""}}, {"model": "cart.order", "pk": 4, "fields": {"user": 13, "seller": 22, "acopio": 22, "payment_breakdown": {"7": {"id": 7, "nombre": "Finca Don Juan", "total": 15.0, "items": [{"producto": "Zanahorias", "cantidad": 1, "precio": 15.0, "subtotal": 15.0}], "pagado": 15.0, "paid": true}, "2": {"id": 2, "nombre": "prueba", "total": 5.0, "items": [{"producto": "platanos", "cantidad": 1, "precio": 5.0, "subtotal": 5.0}], "pagado": 5.0, "paid": true}, "14": {"id": 14, "nombre": "La Sierva", "total": 100.0, "items": [{"producto": "Leche de vaca", "cantidad": 1, "precio": 100.0, "subtotal": 100.0}], "pagado": 100.0, "paid": true}}, "created_at": "2026-06-13T19:37:43.978Z", "updated_at": "2026-06-17T12:40:14.284Z", "status": "delivered", "total_amount": "120.00", "payment_status": "paid", "payment_date": null, "delivery_type": "pickup", "shipping_address": "", "pickup_location": "punto_acopio", "phone_number": "8298417850", "delivery_instructions": "", "notes": ""}}, {"model": "cart.order", "pk": 5, "fields": {"user": 13, "seller": 22, "acopio": 22, "payment_breakdown": {"7": {"id": 7, "nombre": "Finca Don Juan", "total": 15.0, "items": [{"producto": "Zanahorias", "cantidad": 1, "precio": 15.0, "subtotal": 15.0}], "pagado": 15.0, "paid": true}, "2": {"id": 2, "nombre": "prueba", "total": 5.0, "items": [{"producto": "platanos", "cantidad": 1, "precio": 5.0, "subtotal": 5.0}], "pagado": 5.0, "paid": true}, "14": {"id": 14, "nombre": "La Sierva", "total": 100.0, "items": [{"producto": "Leche de vaca", "cantidad": 1, "precio": 100.0, "subtotal": 100.0}], "pagado": 100.0, "paid": true}}, "created_at": "2026-06-14T03:49:57.345Z", "updated_at": "2026-06-24T00:38:25.009Z", "status": "delivered", "total_amount": "120.00", "payment_status": "paid", "payment_date": null, "delivery_type": "pickup", "shipping_address": "", "pickup_location": "punto_acopio", "phone_number": "8298417850", "delivery_instructions": "", "notes": ""}}, {"model": "cart.order", "pk": 6, "fields": {"user": 25, "seller": 22, "acopio": 22, "payment_breakdown": {"7": {"id": 7, "nombre": "Finca Don Juan", "total": 165.0, "items": [{"producto": "Zanahorias", "cantidad": 10, "precio": 15.0, "subtotal": 150.0}, {"producto": "aguacates", "cantidad": 1, "precio": 15.0, "subtotal": 15.0}], "pagado": 165.0, "paid": true}}, "created_at": "2026-06-16T16:44:16.379Z", "updated_at": "2026-06-23T23:14:07.954Z", "status": "delivered", "total_amount": "165.00", "payment_status": "paid", "payment_date": null, "delivery_type": "pickup", "shipping_address": "", "pickup_location": "punto_acopio", "phone_number": "8298417850", "delivery_instructions": "", "notes": ""}}, {"model": "cart.order", "pk": 7, "fields": {"user": 26, "seller": 22, "acopio": 22, "payment_breakdown": {"7": {"id": 7, "nombre": "Finca Don Juan", "total": 175.0, "items": [{"producto": "aguacates", "cantidad": 10, "precio": 15.0, "subtotal": 150.0}, {"producto": "Yautia amarilla", "cantidad": 1, "precio": 25.0, "subtotal": 25.0}], "pagado": 175.0, "paid": true}, "2": {"id": 2, "nombre": "prueba", "total": 75.0, "items": [{"producto": "platanos", "cantidad": 15, "precio": 5.0, "subtotal": 75.0}], "pagado": 75.0, "paid": true}}, "created_at": "2026-06-16T18:06:41.761Z", "updated_at": "2026-06-23T22:09:16.635Z", "status": "delivered", "total_amount": "250.00", "payment_status": "paid", "payment_date": null, "delivery_type": "pickup", "shipping_address": "", "pickup_location": "punto_acopio", "phone_number": "8298417850", "delivery_instructions": "", "notes": ""}}, {"model": "cart.order", "pk": 8, "fields": {"user": 13, "seller": 22, "acopio": 22, "payment_breakdown": {"2": {"id": 2, "nombre": "prueba", "total": 5.0, "items": [{"producto": "platanos", "cantidad": 1, "precio": 5.0, "subtotal": 5.0}], "pagado": 5.0, "paid": true}, "7": {"id": 7, "nombre": "Finca Don Juan", "total": 205.0, "items": [{"producto": "aguacates", "cantidad": 1, "precio": 15.0, "subtotal": 15.0}, {"producto": "Zanahorias", "cantidad": 2, "precio": 15.0, "subtotal": 30.0}, {"producto": "Repollo", "cantidad": 1, "precio": 100.0, "subtotal": 100.0}, {"producto": "Yuca", "cantidad": 1, "precio": 15.0, "subtotal": 15.0}, {"producto": "Zapote", "cantidad": 1, "precio": 20.0, "subtotal": 20.0}, {"producto": "arroz selecto", "cantidad": 1, "precio": 25.0, "subtotal": 25.0}], "pagado": 205.0, "paid": true}, "14": {"id": 14, "nombre": "La Sierva", "total": 115.0, "items": [{"producto": "Leche de vaca", "cantidad": 1, "precio": 100.0, "subtotal": 100.0}, {"producto": "papas", "cantidad": 1, "precio": 10.0, "subtotal": 10.0}, {"producto": "aguacates", "cantidad": 1, "precio": 5.0, "subtotal": 5.0}], "pagado": 115.0, "paid": true}, "27": {"id": 27, "nombre": "concoleoRD", "total": 100.0, "items": [{"producto": "conconetes", "cantidad": 1, "precio": 100.0, "subtotal": 100.0}], "pagado": 100.0, "paid": true}}, "created_at": "2026-06-17T04:03:37.217Z", "updated_at": "2026-06-24T00:37:02.707Z", "status": "delivered", "total_amount": "425.00", "payment_status": "paid", "payment_date": null, "delivery_type": "pickup", "shipping_address": "", "pickup_location": "punto_acopio", "phone_number": "8298417850", "delivery_instructions": "", "notes": ""}}, {"model": "cart.order", "pk": 9, "fields": {"user": 13, "seller": 22, "acopio": 22, "payment_breakdown": {"14": {"id": 14, "nombre": "La Sierva", "total": 7.0, "items": [{"producto": "huevos", "cantidad": 1, "precio": 4.0, "subtotal": 4.0}, {"producto": "mangos", "cantidad": 1, "precio": 3.0, "subtotal": 3.0}], "pagado": 7.0, "paid": true}}, "created_at": "2026-06-17T04:04:39.273Z", "updated_at": "2026-06-17T04:45:45.837Z", "status": "delivered", "total_amount": "7.00", "payment_status": "paid", "payment_date": null, "delivery_type": "pickup", "shipping_address": "", "pickup_location": "punto_acopio", "phone_number": "8298417850", "delivery_instructions": "", "notes": ""}}, {"model": "cart.order", "pk": 10, "fields": {"user": 25, "seller": 22, "acopio": 22, "payment_breakdown": {"2": {"id": 2, "nombre": "prueba", "total": 5.0, "items": [{"producto": "platanos", "cantidad": 1, "precio": 5.0, "subtotal": 5.0}], "pagado": 5.0, "paid": true}, "7": {"id": 7, "nombre": "Finca Don Juan", "total": 15.0, "items": [{"producto": "aguacates", "cantidad": 1, "precio": 15.0, "subtotal": 15.0}], "pagado": 15.0, "paid": true}, "14": {"id": 14, "nombre": "La Sierva", "total": 100.0, "items": [{"producto": "Leche de vaca", "cantidad": 1, "precio": 100.0, "subtotal": 100.0}], "pagado": 100.0, "paid": true}}, "created_at": "2026-06-22T22:27:19.651Z", "updated_at": "2026-06-24T00:36:00.341Z", "status": "delivered", "total_amount": "120.00", "payment_status": "paid", "payment_date": null, "delivery_type": "pickup", "shipping_address": "", "pickup_location": "punto_acopio", "phone_number": "8298417850", "delivery_instructions": "", "notes": ""}}, {"model": "cart.order", "pk": 11, "fields": {"user": 25, "seller": 22, "acopio": 22, "payment_breakdown": {"7": {"id": 7, "nombre": "Finca Don Juan", "total": 15.0, "items": [{"producto": "aguacates", "cantidad": 1, "precio": 15.0, "subtotal": 15.0}], "pagado": 15.0, "paid": true}, "2": {"id": 2, "nombre": "prueba", "total": 5.0, "items": [{"producto": "platanos", "cantidad": 1, "precio": 5.0, "subtotal": 5.0}], "pagado": 5.0, "paid": true}, "14": {"id": 14, "nombre": "La Sierva", "total": 100.0, "items": [{"producto": "Leche de vaca", "cantidad": 1, "precio": 100.0, "subtotal": 100.0}], "pagado": 100.0, "paid": true}}, "created_at": "2026-06-23T00:55:30.343Z", "updated_at": "2026-06-24T00:35:11.527Z", "status": "delivered", "total_amount": "120.00", "payment_status": "paid", "payment_date": null, "delivery_type": "pickup", "shipping_address": "", "pickup_location": "punto_acopio", "phone_number": "8298417850", "delivery_instructions": "", "notes": ""}}, {"model": "cart.order", "pk": 12, "fields": {"user": 25, "seller": 22, "acopio": 22, "payment_breakdown": {"14": {"id": 14, "nombre": "La Sierva", "total": 113.0, "items": [{"producto": "mangos", "cantidad": 1, "precio": 3.0, "subtotal": 3.0}, {"producto": "Leche de vaca", "cantidad": 1, "precio": 100.0, "subtotal": 100.0}, {"producto": "papas", "cantidad": 1, "precio": 10.0, "subtotal": 10.0}], "pagado": 113.0, "paid": true}}, "created_at": "2026-06-23T21:54:15.431Z", "updated_at": "2026-06-23T22:05:36.728Z", "status": "delivered", "total_amount": "113.00", "payment_status": "paid", "payment_date": null, "delivery_type": "pickup", "shipping_address": "", "pickup_location": "punto_acopio", "phone_number": "8298417850", "delivery_instructions": "", "notes": ""}}, {"model": "cart.order", "pk": 13, "fields": {"user": 25, "seller": 22, "acopio": 22, "payment_breakdown": {"2": {"id": 2, "nombre": "prueba", "total": 5.0, "items": [{"producto": "platanos", "cantidad": 1, "precio": 5.0, "subtotal": 5.0}], "pagado": 5.0, "paid": true}, "7": {"id": 7, "nombre": "Finca Don Juan", "total": 30.0, "items": [{"producto": "aguacates", "cantidad": 1, "precio": 15.0, "subtotal": 15.0}, {"producto": "Zanahorias", "cantidad": 1, "precio": 15.0, "subtotal": 15.0}], "pagado": 30.0, "paid": true}}, "created_at": "2026-06-24T00:28:59.928Z", "updated_at": "2026-06-24T00:30:19.787Z", "status": "delivered", "total_amount": "35.00", "payment_status": "paid", "payment_date": null, "delivery_type": "pickup", "shipping_address": "", "pickup_location": "punto_acopio", "phone_number": "8298417850", "delivery_instructions": "", "notes": ""}}, {"model": "cart.orderitem", "pk": 1, "fields": {"order": 1, "product": 1, "quantity": 1, "price": "5.00"}}, {"model": "cart.orderitem", "pk": 2, "fields": {"order": 1, "product": 2, "quantity": 1, "price": "15.00"}}, {"model": "cart.orderitem", "pk": 3, "fields": {"order": 1, "product": 3, "quantity": 1, "price": "15.00"}}, {"model": "cart.orderitem", "pk": 4, "fields": {"order": 1, "product": 6, "quantity": 1, "price": "25.00"}}, {"model": "cart.orderitem", "pk": 5, "fields": {"order": 1, "product": 4, "quantity": 1, "price": "100.00"}}, {"model": "cart.orderitem", "pk": 6, "fields": {"order": 1, "product": 8, "quantity": 1, "price": "20.00"}}, {"model": "cart.orderitem", "pk": 7, "fields": {"order": 2, "product": 4, "quantity": 1, "price": "100.00"}}, {"model": "cart.orderitem", "pk": 8, "fields": {"order": 2, "product": 2, "quantity": 1, "price": "15.00"}}, {"model": "cart.orderitem", "pk": 9, "fields": {"order": 3, "product": 1, "quantity": 1, "price": "5.00"}}, {"model": "cart.orderitem", "pk": 10, "fields": {"order": 4, "product": 3, "quantity": 1, "price": "15.00"}}, {"model": "cart.orderitem", "pk": 11, "fields": {"order": 4, "product": 1, "quantity": 1, "price": "5.00"}}, {"model": "cart.orderitem", "pk": 12, "fields": {"order": 4, "product": 9, "quantity": 1, "price": "100.00"}}, {"model": "cart.orderitem", "pk": 13, "fields": {"order": 5, "product": 3, "quantity": 1, "price": "15.00"}}, {"model": "cart.orderitem", "pk": 14, "fields": {"order": 5, "product": 1, "quantity": 1, "price": "5.00"}}, {"model": "cart.orderitem", "pk": 15, "fields": {"order": 5, "product": 9, "quantity": 1, "price": "100.00"}}, {"model": "cart.orderitem", "pk": 16, "fields": {"order": 6, "product": 3, "quantity": 10, "price": "15.00"}}, {"model": "cart.orderitem", "pk": 17, "fields": {"order": 6, "product": 2, "quantity": 1, "price": "15.00"}}, {"model": "cart.orderitem", "pk": 18, "fields": {"order": 7, "product": 2, "quantity": 10, "price": "15.00"}}, {"model": "cart.orderitem", "pk": 19, "fields": {"order": 7, "product": 1, "quantity": 15, "price": "5.00"}}, {"model": "cart.orderitem", "pk": 20, "fields": {"order": 7, "product": 6, "quantity": 1, "price": "25.00"}}, {"model": "cart.orderitem", "pk": 21, "fields": {"order": 8, "product": 1, "quantity": 1, "price": "5.00"}}, {"model": "cart.orderitem", "pk": 22, "fields": {"order": 8, "product": 2, "quantity": 1, "price": "15.00"}}, {"model": "cart.orderitem", "pk": 23, "fields": {"order": 8, "product": 3, "quantity": 2, "price": "15.00"}}, {"model": "cart.orderitem", "pk": 24, "fields": {"order": 8, "product": 4, "quantity": 1, "price": "100.00"}}, {"model": "cart.orderitem", "pk": 25, "fields": {"order": 8, "product": 5, "quantity": 1, "price": "15.00"}}, {"model": "cart.orderitem", "pk": 26, "fields": {"order": 8, "product": 9, "quantity": 1, "price": "100.00"}}, {"model": "cart.orderitem", "pk": 27, "fields": {"order": 8, "product": 8, "quantity": 1, "price": "20.00"}}, {"model": "cart.orderitem", "pk": 28, "fields": {"order": 8, "product": 7, "quantity": 1, "price": "25.00"}}, {"model": "cart.orderitem", "pk": 29, "fields": {"order": 8, "product": 10, "quantity": 1, "price": "10.00"}}, {"model": "cart.orderitem", "pk": 30, "fields": {"order": 8, "product": 11, "quantity": 1, "price": "5.00"}}, {"model": "cart.orderitem", "pk": 31, "fields": {"order": 8, "product": 14, "quantity": 1, "price": "100.00"}}, {"model": "cart.orderitem", "pk": 32, "fields": {"order": 9, "product": 13, "quantity": 1, "price": "4.00"}}, {"model": "cart.orderitem", "pk": 33, "fields": {"order": 9, "product": 12, "quantity": 1, "price": "3.00"}}, {"model": "cart.orderitem", "pk": 34, "fields": {"order": 10, "product": 1, "quantity": 1, "price": "5.00"}}, {"model": "cart.orderitem", "pk": 35, "fields": {"order": 10, "product": 2, "quantity": 1, "price": "15.00"}}, {"model": "cart.orderitem", "pk": 36, "fields": {"order": 10, "product": 9, "quantity": 1, "price": "100.00"}}, {"model": "cart.orderitem", "pk": 37, "fields": {"order": 11, "product": 2, "quantity": 1, "price": "15.00"}}, {"model": "cart.orderitem", "pk": 38, "fields": {"order": 11, "product": 1, "quantity": 1, "price": "5.00"}}, {"model": "cart.orderitem", "pk": 39, "fields": {"order": 11, "product": 9, "quantity": 1, "price": "100.00"}}, {"model": "cart.orderitem", "pk": 40, "fields": {"order": 12, "product": 12, "quantity": 1, "price": "3.00"}}, {"model": "cart.orderitem", "pk": 41, "fields": {"order": 12, "product": 9, "quantity": 1, "price": "100.00"}}, {"model": "cart.orderitem", "pk": 42, "fields": {"order": 12, "product": 10, "quantity": 1, "price": "10.00"}}, {"model": "cart.orderitem", "pk": 43, "fields": {"order": 13, "product": 1, "quantity": 1, "price": "5.00"}}, {"model": "cart.orderitem", "pk": 44, "fields": {"order": 13, "product": 2, "quantity": 1, "price": "15.00"}}, {"model": "cart.orderitem", "pk": 45, "fields": {"order": 13, "product": 3, "quantity": 1, "price": "15.00"}}]
